Station,displacement,displacement_sd,slope,slope_sd,r2,r2_sd
la01,0.21194143306946953,0.11847034197479443,7.568132314088561e-05,1.7581732396231908e-05,0.9742849423468455,0.034481665946412325
la02,0.2599917774171244,0.6651729925200696,6.970884966077933e-05,4.2220992642118526e-05,0.9774700180183179,0.024797303580603974
la03,0.19899092522185433,0.09698103169118946,7.38826161655526e-05,5.583626842302447e-06,0.9823223750907323,0.01718857718537431
la04,0.12969881079310286,0.07149371754140996,4.558443018849338e-05,1.1502565126837798e-05,0.9406519105108898,0.058169513565434164
la05,0.13170430666510233,0.10058853754785459,4.9734518752766805e-05,3.1232604668500954e-05,0.9003924643737689,0.13217340728544366
la06,0.09773380257440417,0.0645546157670544,3.2307193086446416e-05,1.1182311805378716e-05,0.8392664197595748,0.1605378369587931
la07,0.17111588094817073,0.07926590788095496,5.6013318134688515e-05,7.085383525799659e-06,0.9733360266551953,0.02561250484163213
la08,0.24770926581229905,0.14736042229078505,8.252275018330546e-05,1.6235693328728142e-05,0.9880862129422686,0.01743463562684238
la09,0.26847662251920906,0.10242157582725621,8.13302581092573e-05,9.541254361869005e-05,0.9885206690091334,0.019332865174654608
la10,0.05288458712248527,0.037526391296105646,1.691676389267281e-05,8.028772423466446e-06,0.7005084088865148,0.24232292680932607
la11,0.22887229048956215,0.10833495605530563,8.489081839663732e-05,5.182458129514981e-06,0.9873265151574576,0.009548443490236664
la12,0.22502014144636134,0.09176050296988693,7.657989975894956e-05,5.090217810779949e-06,0.9887713002128459,0.008566871147005137
la13,0.12167478065017522,0.07132471723443715,4.006346608332954e-05,9.291110876153158e-06,0.9104389181932326,0.08457884405171398
la14,0.010490578771708883,0.013648786267393055,2.9805977735283433e-06,3.8354150289135255e-06,0.232091391922866,0.21909710853204567
la15,0.010684958892845542,0.017688564633966827,2.4987187825071055e-06,5.048312097270298e-06,0.24749896004590702,0.2327962694487799
la16,0.055252676141452226,0.03405938833686134,1.583272941722739e-05,8.704178406590028e-06,0.7002525399180057,0.22836115007104524
la17,0.26324179538115416,0.11340560526268235,7.475331013676904e-05,7.672005541131553e-05,0.988253443694507,0.023785507618529333
la18,0.31267602867986644,0.1074300750224736,8.575483870380812e-05,1.5494940994017174e-05,0.9922601706344298,0.02641652094831389
ws04,0.17069944644357415,0.08985595981646786,6.438579594067619e-05,7.690160608408186e-06,0.9674935839775045,0.026464235679291872
ws05,0.1933004918034633,0.10102206581838698,7.303241735111034e-05,6.956534784936631e-06,0.9777880574486942,0.01944119959057449
gz01,0.0850221062880344,0.05057178606882556,2.9735756515869998e-05,2.4970662997832138e-05,0.7401543894362531,0.24563181805367465
gz02,0.0897953379169969,0.05438529604939444,3.238583846742657e-05,2.9102468458552637e-05,0.7337489475313048,0.26271662295599985
gz03,0.09012867250451156,0.08308159216661377,3.232836530625551e-05,5.2312811272799465e-05,0.6089791148268802,0.31334592952342116
gz04,0.1091927343084045,0.07964212420126975,4.114330816754063e-05,4.378649619956827e-05,0.6841765317083449,0.3129517674840847
gz05,0.12843122746618285,0.06195781544624737,4.519893626515054e-05,2.8703111306512675e-05,0.9017642083224294,0.07604900711661941
gz06,0.08345475598981553,0.051404557132329845,3.1618165185406147e-05,2.9092878632720683e-05,0.7028924885903058,0.30424617966183537
gz07,0.07841255845948647,0.09275856157882455,3.0036412527970038e-05,5.850050018487114e-05,0.608738890490847,0.32036584625622794
gz08,0.10416192887511071,0.06051022413160375,3.7822312560350985e-05,3.1394485988338946e-05,0.7587845469076366,0.2481877429198038
gz09,0.09836468581760438,0.057631096750887456,3.77351900919711e-05,3.16210312680701e-05,0.7704932573069005,0.24930432384793996
gz10,0.08945382967527817,0.12094442385667205,3.919770695443895e-05,7.838340045476227e-05,0.6377225603542913,0.33259769223940416
gz11,0.12086812950593859,0.0639423272633995,4.6746096538308654e-05,3.565887636907316e-05,0.8572092058527592,0.14922309262169464
gz12,0.07961224402655472,0.053616103734908306,2.6351127570459237e-05,2.8790886018147685e-05,0.6125066135947429,0.3158329823899436
gz13,0.07491565264891974,0.0440339028343974,2.3681611716819406e-05,1.914252918912728e-05,0.7198144745472823,0.21668942666419236
gz14,0.08080828776574223,0.07005079944028961,2.4983889698473587e-05,4.045075855202388e-05,0.5494533004388602,0.30497466854423044
gz15,0.09470446867938949,0.07129364505521096,3.2723930570684974e-05,4.300705165639953e-05,0.5863626882839841,0.31824129844902577
gz16,0.11676660763789508,0.058427766451631405,3.971662205593885e-05,2.8025089607360625e-05,0.8639040832933143,0.11263213866763948
gz17,0.08900946269738247,0.052184257581466144,2.9727008177636416e-05,2.6742445038343362e-05,0.7202434871139166,0.24866777358513634
gz18,0.10020560124323534,0.0513369947233989,3.384178139698139e-05,2.3628779185175706e-05,0.8440306644936775,0.11982252566218299
gz19,0.09212009436374392,0.2841436830930576,2.3047806978203046e-05,4.228535665150819e-05,0.5681203948891717,0.2832308947603535
gz20,0.14890321738838383,0.060950184356355665,4.146117307350782e-05,3.840914241491111e-05,0.9035807675687119,0.07306107999932954
mg01,0.15548395601155449,0.07928900438914704,4.549842260014104e-05,3.348650083556869e-05,0.7348233474482267,0.24900133475485203
mg02,0.14668031708343834,0.08093454013556525,4.2423950839377256e-05,3.668414429057063e-05,0.6570966578398613,0.3054452764672417
mg03,0.14500504127874703,0.0740815875060945,4.177025238250293e-05,1.6251529203209023e-05,0.8653700740246884,0.1326064970448561
mg04,0.18034400745879772,0.5990198876078658,4.653814940010934e-05,4.145941080896911e-05,0.9412348285541214,0.05193439175659484
mg05,0.09868606373275438,0.04878859869837943,3.0615100431243824e-05,1.394344907584274e-05,0.8590244000907651,0.11219012729330642
mg06,0.06519473111942486,0.03993579518658867,1.9641603981819037e-05,1.383047569466059e-05,0.6881207998197406,0.2312275965991868
mg07,0.13605505432766724,0.05901259826867276,4.261165796797087e-05,1.314218399829726e-05,0.9393577028440868,0.045997827146137954
slw1,0.1767806710669066,0.09038554569526665,7.111443743629202e-05,6.4607780342257645e-06,0.9700642078560422,0.02404114080462262
