date,evt_energy
2011-01-11 08:05:00,12045191503.691725
2011-01-11 19:10:00,8113207809.3343
2011-01-12 08:45:00,8503219159.312087
2011-01-12 21:25:00,10622052878.156418
2011-01-13 10:35:00,8277322527.13578
2011-01-14 09:40:00,23824988658.07586
2011-01-14 19:45:00,11612030405.29919
2011-01-15 09:55:00,9247991702.806938
2011-01-15 19:55:00,9653335364.49528
2011-01-16 11:15:00,10164498266.174833
2011-01-17 12:40:00,26070520899.03062
2011-01-17 22:05:00,11769348750.671593
2011-01-18 13:18:45,10932784596.524015
2011-01-19 13:55:00,27097712048.880478
2011-01-19 23:05:00,12865708420.358952
2011-01-20 14:15:00,10220855918.218882
2011-01-21 00:30:00,10730450515.03796
2011-01-21 16:55:00,13039489262.079317
2011-01-22 13:35:00,26401396517.641163
2011-01-22 23:10:00,8000791786.221467
2011-01-23 17:53:45,11787240098.479504
2011-01-24 11:35:00,18941082131.3484
2011-01-25 01:05:00,10827862356.35447
2011-01-25 12:50:00,7808051344.663358
2011-01-26 10:40:00,21497335615.605385
2011-01-27 09:10:00,26553788143.550083
2011-01-27 17:45:00,6848710483.109191
2011-01-28 09:00:00,11509831233.044409
2011-01-28 18:00:00,8059550048.213564
2011-01-29 09:45:00,10917566194.526564
2011-01-29 18:55:00,9981327862.389626
2011-01-30 11:10:00,10000342403.174677
2011-01-30 20:35:00,9871735414.80424
2011-01-31 13:20:00,13844896242.184675
2011-02-01 00:30:15,6121545876.535442
2011-02-01 16:45:00,13422937126.978704
2011-02-02 13:55:00,23930699147.942875
2011-02-02 23:15:00,9607287108.82201
2011-02-03 16:55:00,16997867913.675974
2011-02-04 14:15:00,25870690576.084785
2011-02-05 01:23:45,11715241150.120195
2011-02-05 17:30:00,14717483801.95655
2011-02-06 12:50:00,20706495235.309982
2011-02-07 16:25:00,26304675630.11469
2011-02-08 06:30:00,13888300881.515764
2011-02-08 19:00:00,9871349058.618027
2011-02-09 07:50:00,8844303710.432438
2011-02-09 20:30:00,10610448345.746698
2011-02-10 08:50:00,7503846052.922013
2011-02-11 08:20:00,22648246840.18557
2011-02-11 18:35:00,9260915281.785398
2011-02-12 08:20:00,9481227248.995062
2011-02-12 18:55:00,8350767782.767682
2011-02-13 09:25:00,8512714547.963349
2011-02-13 20:43:45,10134497056.296803
2011-02-14 10:45:00,8129904849.482554
2011-02-15 12:00:00,25506592369.018135
2011-02-15 21:38:45,10929351735.499098
2011-02-16 12:55:00,10588374316.131964
2011-02-17 13:20:00,27280854387.79214
2011-02-17 22:10:00,9553438764.240244
2011-02-18 17:40:00,19737420328.877197
2011-02-19 08:20:00,13313071132.253536
2011-02-19 19:30:00,7176087219.053857
2011-02-20 08:15:00,8336856701.335984
2011-02-20 21:13:45,7402006623.14265
2011-02-21 08:55:00,6482164316.782597
2011-02-21 23:00:00,9073669774.058886
2011-02-22 10:30:00,6233465293.02132
2011-02-23 09:15:00,23503888986.071125
2011-02-24 07:45:00,26480977605.33831
2011-02-24 18:45:00,11674490386.712717
2011-02-25 08:05:00,8446822666.472712
2011-02-25 17:43:45,7818780115.586944
2011-02-26 08:15:00,8719195065.74387
2011-02-26 18:50:00,10517731427.34822
2011-02-27 09:03:45,8016579354.145164
2011-02-27 19:03:45,8696836472.529573
2011-02-28 09:43:45,8797276510.230446
2011-02-28 20:10:00,10848744032.70161
2011-03-01 14:05:00,15623478228.500496
2011-03-02 10:53:45,23209931744.5957
2011-03-02 20:40:00,8211134335.272678
2011-03-03 11:25:00,10540323492.016912
2011-03-03 22:35:00,10498905583.291971
2011-03-04 19:50:00,20440040909.159508
2011-03-05 09:25:00,10536367153.043274
2011-03-05 21:55:00,8310326116.751681
2011-03-06 11:55:00,10662747118.838457
2011-03-07 09:35:00,25708995873.81907
2011-03-08 06:40:00,22968165538.081524
2011-03-09 05:25:00,24057116250.308643
2011-03-10 06:55:00,28005570889.436863
2011-03-11 05:45:00,22453859586.810688
2011-03-11 18:25:00,14454770980.439543
2011-03-12 06:45:00,1151703977.1143808
2011-03-12 19:08:45,12821238555.992619
2011-03-13 07:50:00,8074991178.374614
2011-03-13 20:55:00,13573593594.335577
2011-03-14 08:53:45,6394392740.581584
2011-03-14 21:13:45,12024634742.083677
2011-03-15 10:23:45,7654702712.95489
2011-03-16 10:10:00,24911969623.42358
2011-03-16 19:00:00,7150215049.719742
2011-03-17 10:25:00,11100308828.901873
2011-03-17 21:20:00,10688721058.152538
2011-03-18 17:25:00,20185273451.27379
2011-03-19 06:15:00,9691851733.163847
2011-03-19 18:53:45,7877214700.761731
2011-03-20 06:45:00,6993284037.415646
2011-03-20 20:15:00,8671236740.573345
2011-03-21 07:35:00,6553660890.552954
2011-03-21 22:25:00,9703850947.61853
2011-03-22 08:55:00,7136837453.126315
2011-03-23 07:20:00,24287816415.315903
2011-03-24 05:25:00,27037386015.938316
2011-03-24 16:30:00,7329694045.238938
2011-03-25 06:55:00,9713880290.027805
2011-03-26 06:38:45,25155399066.890358
2011-03-26 16:08:45,9068023548.866076
2011-03-27 06:43:45,10291665782.896215
2011-03-27 17:05:00,7574419436.955701
2011-03-28 07:15:00,8918072837.660763
2011-03-28 17:53:45,6748702291.620705
2011-03-29 07:55:00,8268280557.514481
2011-03-29 19:10:00,7581117493.027238
2011-03-30 08:20:00,6864906133.696281
2011-03-30 20:15:00,7783116187.492112
2011-03-31 10:15:00,9144841791.82448
2011-04-01 08:20:00,19385005184.49163
2011-04-01 20:45:00,9159866017.23323
2011-04-02 09:05:00,8081300193.063818
2011-04-02 23:45:00,12923723114.715328
2011-04-04 03:05:00,33243790601.890877
2011-04-05 02:20:00,32106507594.272892
2011-04-06 02:45:00,30741280785.004894
2011-04-06 15:10:00,9012964709.660227
2011-04-07 04:30:00,10441248789.679111
2011-04-08 03:45:00,25822095791.212456
2011-04-09 05:25:00,30741777580.122383
2011-04-10 05:31:30,28600302591.491676
2011-04-10 17:11:30,15984001141.289417
2011-04-11 06:20:00,10168571107.111595
2011-04-11 17:55:00,14105801556.239449
2011-04-12 07:16:30,10378205321.741566
2011-04-12 20:46:30,14231277682.8188
2011-04-13 08:45:00,7299652690.236729
2011-04-14 08:30:00,25294942985.23501
2011-04-14 19:10:00,9538336977.0458
2011-04-15 07:40:00,8644958679.463188
2011-04-15 19:46:30,789866647.4645314
2011-04-16 07:00:00,8941608505.98845
2011-04-17 07:05:00,6836548782.701507
2011-04-17 22:25:00,11433151707.912865
2011-04-18 08:05:00,10093856436.864439
2011-04-19 05:07:00,21726448801.288445
2011-04-20 03:05:00,26338094950.352158
2011-04-20 11:15:00,11671459022.2705
2011-04-21 03:40:00,12638043432.971006
2011-04-21 13:05:00,10538738829.414516
2011-04-22 05:00:00,10390177399.29938
2011-04-22 15:43:45,10218857489.53823
2011-04-23 05:40:00,8373143027.188176
2011-04-24 05:30:00,25014475225.650173
2011-04-24 15:40:00,10142481511.485046
2011-04-25 05:25:00,9118143905.95025
2011-04-25 17:40:00,11200641052.066864
2011-04-26 06:35:00,6751020900.481664
2011-04-26 18:55:00,7303065781.917604
2011-04-27 07:30:00,7907698670.979178
2011-04-28 22:15:00,26717139426.14055
2011-04-29 09:45:00,12813394768.836119
2011-04-30 01:10:00,11397002739.837406
2011-04-30 23:58:45,27150309691.775642
2011-05-01 09:25:00,7948875091.734641
2011-05-02 03:30:00,19431970229.788044
2011-05-03 02:20:00,26593867635.762924
2011-05-04 01:50:00,28518429307.59834
2011-05-04 11:50:00,13471044577.68995
2011-05-05 02:25:00,9961198364.85883
2011-05-05 14:55:00,7512149796.592013
2011-05-06 04:25:00,8692787909.428114
2011-05-07 04:10:00,27238225493.863453
2011-05-07 14:20:30,13118302169.383001
2011-05-08 04:50:00,1495425407.7104352
2011-05-09 05:15:30,27918327994.968815
2011-05-10 06:30:30,25327996807.460266
2011-05-11 05:55:30,26517455500.854286
2011-05-11 20:45:30,15123582510.402689
2011-05-12 08:05:30,7486340800.77992
2011-05-13 04:39:00,19034921864.12354
2011-05-13 19:00:00,12874174553.830322
2011-05-14 05:10:00,5218465916.953941
2011-05-14 20:40:30,11635459822.456966
2011-05-15 05:56:45,7282834597.468572
2011-05-16 02:05:00,21077417917.153316
2011-05-17 01:10:00,27583207888.393486
2011-05-17 09:20:00,11502618180.241198
2011-05-18 01:30:30,12412152648.43893
2011-05-18 10:30:00,10675292193.741835
2011-05-19 03:44:00,12980041185.505909
2011-05-19 13:14:00,10017955093.583849
2011-05-20 04:45:00,10702703619.915543
2011-05-20 14:45:00,9877358611.730404
2011-05-21 05:18:00,8792928585.303432
2011-05-22 04:32:00,22740591335.025173
2011-05-22 14:02:00,8911311358.582623
2011-05-23 04:38:00,9788139658.773378
2011-05-23 17:00:30,12085374020.549292
2011-05-24 05:15:30,6324904821.2782955
2011-05-25 05:30:00,20187348698.689236
2011-05-25 19:44:00,12258664992.696243
2011-05-26 06:40:00,6920575320.657928
2011-05-26 21:13:00,10416102529.82017
2011-05-27 09:05:00,10093972986.370537
2011-05-27 23:18:00,324550430.3975237
2011-05-28 23:59:00,30661961674.963737
2011-05-30 00:40:00,30807030426.43752
2011-05-30 12:24:00,10022310999.274885
2011-05-31 02:08:00,10460309452.082462
2011-06-01 01:20:00,27414387044.128094
2011-06-01 11:38:00,14125434773.292242
2011-06-02 02:09:00,9471865612.166397
2011-06-03 03:05:00,26849284397.81129
2011-06-03 13:25:00,13048565314.590275
2011-06-04 03:33:00,9574475839.340452
2011-06-04 14:30:00,10990068865.494356
2011-06-05 04:25:00,8839494796.396809
2011-06-06 04:22:15,26403716121.11378
2011-06-06 14:20:00,11507363614.484247
2011-06-07 04:35:00,10050746077.04172
2011-06-08 04:28:00,26814889081.705963
2011-06-09 04:28:00,26247699124.52274
2011-06-09 21:18:00,17762859182.694576
2011-06-10 07:55:00,8152928987.952937
2011-06-11 00:16:00,16043416313.116005
2011-06-11 22:40:00,28601929717.801994
2011-06-12 07:20:00,8233418869.184015
2011-06-12 23:40:30,11965073300.204731
2011-06-13 10:04:45,8766870404.292652
2011-06-14 01:48:00,10787266213.921059
2011-06-15 01:25:00,25493314892.62078
2011-06-15 09:48:00,11727150947.52759
2011-06-16 01:45:30,11972628729.792953
2011-06-16 10:46:30,10836271153.870173
2011-06-17 03:02:45,11301530796.167662
2011-06-17 12:30:00,10435278783.005932
2011-06-18 04:05:00,9689848567.01257
2011-06-18 13:55:00,9707790418.242943
2011-06-19 04:57:30,8507290114.40332
2011-06-19 15:05:00,7986797313.816883
2011-06-20 05:17:30,7620094646.1957855
2011-06-21 04:05:00,24780472044.81672
2011-06-22 04:30:00,25912035739.089752
2011-06-22 21:26:30,17399811037.917175
2011-06-23 07:50:00,9717864602.3466
2011-06-23 23:10:00,12174352947.332127
2011-06-24 22:00:00,26455531770.76638
2011-06-25 09:07:30,11190918323.03222
2011-06-25 22:07:30,8364414667.694308
2011-06-26 09:50:00,10355964842.250973
2011-06-26 23:55:00,9750011125.523315
2011-06-27 23:20:00,24792148664.593735
2011-06-28 09:35:15,11594999518.63568
2011-06-29 00:20:00,9204938178.619596
2011-06-29 11:05:00,11141819828.343966
2011-06-30 02:30:00,10065108985.94389
2011-07-01 02:35:00,25857353229.09133
2011-07-01 14:36:45,8267886868.038132
2011-07-02 04:10:00,8825526749.870737
2011-07-03 04:09:15,25928860849.912292
2011-07-03 14:42:30,11377084192.606285
2011-07-04 04:05:00,8899674786.54382
2011-07-04 14:17:30,10328100733.524971
2011-07-05 05:15:00,8978230597.707592
2011-07-06 03:40:00,23525051697.653267
2011-07-06 14:59:15,9366731026.219904
2011-07-07 04:00:00,7459433664.279886
2011-07-08 02:35:00,23636642679.882187
2011-07-08 22:45:00,23507469001.421543
2011-07-09 22:10:00,29986939347.95582
2011-07-10 08:11:45,12105068632.497713
2011-07-10 23:25:00,11186952974.024794
2011-07-12 01:30:00,28071933830.81138
2011-07-13 00:50:00,27130781049.697506
2011-07-13 09:15:00,11653559439.458536
2011-07-14 01:10:00,10672826522.94001
2011-07-14 10:28:30,10976589894.024397
2011-07-15 03:10:00,11388863033.509983
2011-07-15 13:12:45,9992004685.26192
2011-07-16 04:35:00,10118955479.173
2011-07-17 04:10:00,25857850137.812054
2011-07-17 12:59:30,9696179392.496056
2011-07-18 03:55:00,10797734879.879484
2011-07-18 15:01:30,9274484894.76445
2011-07-19 05:36:45,9080727253.619257
2011-07-20 03:35:00,27551142556.399055
2011-07-21 03:35:00,25148855521.843952
2011-07-21 18:35:00,14462875690.669237
2011-07-22 06:05:00,8072869790.844453
2011-07-22 20:50:00,11178772505.08358
2011-07-23 08:30:00,10532929754.789291
2011-07-23 21:26:45,7167677189.246482
2011-07-24 21:35:00,23689617816.882404
2011-07-25 08:41:45,13043357193.87745
2011-07-25 22:14:15,8784286348.750648
2011-07-26 08:30:00,10590215625.268652
2011-07-26 23:40:00,8451241279.985308
2011-07-28 00:50:15,26201546762.248188
2011-07-29 01:05:00,26702054833.40345
2011-07-29 10:37:45,14365828356.648094
2011-07-30 01:30:15,11116217621.678778
2011-07-30 12:15:00,11508366040.915861
2011-07-31 03:25:00,10098429153.200954
2011-08-01 02:15:00,29506872069.53979
2011-08-01 11:52:00,11335968305.155302
2011-08-02 04:40:00,12442411489.358551
2011-08-03 00:07:30,15829286536.010674
2011-08-03 11:32:30,7550416720.568812
2011-08-03 23:37:30,6487622164.288354
2011-08-04 13:27:30,8289946714.788449
2011-08-05 04:27:15,14093049248.808018
2011-08-05 22:57:30,15732928939.11369
2011-08-06 21:30:00,24747028028.941654
2011-08-07 07:07:45,10541936879.760736
2011-08-07 22:20:00,10566616258.25731
2011-08-08 07:47:30,9670423487.364552
2011-08-08 23:47:15,9826108369.547583
2011-08-10 00:07:15,27534810277.959564
2011-08-10 08:31:30,12490486418.631954
2011-08-11 00:59:15,12352412893.45483
2011-08-11 10:39:15,9210856290.38208
2011-08-12 05:15:00,16186189610.157255
2011-08-12 23:42:30,18229254244.15704
2011-08-13 08:52:30,11996306811.856947
2011-08-13 23:27:30,9447772703.879366
2011-08-14 10:14:15,9037041916.76448
2011-08-15 08:44:15,18360806990.01085
2011-08-15 23:17:30,11086580807.516459
2011-08-16 11:47:15,8987823471.893087
2011-08-17 15:44:45,30248809956.51545
2011-08-18 06:11:30,14218482523.261055
2011-08-18 21:29:15,12809464804.019526
2011-08-19 20:49:15,24214607714.90892
2011-08-20 07:22:30,7648026142.184554
2011-08-20 19:54:00,7518635315.490686
2011-08-21 07:51:45,9060521930.43602
2011-08-21 20:47:45,6570594857.869423
2011-08-22 08:47:15,10564159549.972221
2011-08-22 21:12:30,7108055951.957691
2011-08-23 21:07:30,23357342012.368
2011-08-24 07:42:30,11664890700.30819
2011-08-24 22:14:00,9126258915.373648
2011-08-25 08:24:00,10017080628.848871
2011-08-25 23:35:00,8653528239.436785
2011-08-27 00:43:30,28232535967.73379
2011-08-28 01:29:30,31304571395.480774
2011-08-29 05:24:00,29447375541.973175
2011-08-29 20:57:15,16948852509.761875
2011-08-30 07:52:30,7178745950.1206665
2011-08-30 20:34:00,8837703657.684128
2011-08-31 09:31:30,8024778032.647383
2011-08-31 20:17:45,6716173265.115097
2011-09-01 10:47:30,8913479778.186098
2011-09-01 21:49:30,6147209551.071432
2011-09-02 20:49:00,20857923795.16323
2011-09-03 19:44:00,26989575048.098125
2011-09-04 21:36:30,29183572924.257492
2011-09-05 06:44:15,12352398985.580278
2011-09-05 20:57:15,9349626052.506144
2011-09-06 05:56:30,8417644781.215821
2011-09-06 21:12:45,9425509314.507088
2011-09-07 06:07:45,6633662635.738652
2011-09-07 21:16:45,8697750597.292229
2011-09-08 07:01:30,6971161354.251293
2011-09-08 21:42:15,8738850620.472864
2011-09-09 08:06:45,9632001237.497066
2011-09-09 21:10:30,7443956921.148415
2011-09-10 08:40:30,9330666441.27933
2011-09-10 23:29:15,9597205754.511194
2011-09-11 11:34:45,8422135127.687336
2011-09-12 08:39:45,19561696172.72466
2011-09-12 21:42:45,2967505030.278338
2011-09-13 10:24:45,7379054078.840654
2011-09-14 13:34:45,31831362495.779907
2011-09-15 15:19:45,32593109448.71593
2011-09-16 18:35:15,28798226181.307022
2011-09-17 18:59:45,26142981588.722797
2011-09-18 07:05:30,15089008389.269808
2011-09-18 19:05:15,7879461945.8944
2011-09-19 07:49:45,13231805233.69042
2011-09-19 19:41:00,6466283958.10998
2011-09-20 06:54:45,9683837636.381044
2011-09-20 19:53:15,6747776968.49184
2011-09-21 20:48:45,20963579026.184628
2011-09-22 06:32:45,7292586507.998756
2011-09-22 20:19:45,8940608082.473846
2011-09-23 06:36:15,5808287802.156637
2011-09-23 21:11:00,9367339918.483002
2011-09-25 00:57:45,32076859217.536423
2011-09-25 20:13:15,23458650995.82572
2011-09-26 06:24:45,6201692821.651743
2011-09-26 19:12:15,7244572601.854156
2011-09-27 06:54:45,7280741779.833366
2011-09-27 18:34:45,6767830817.667206
2011-09-28 08:19:45,8171124051.899214
2011-09-28 19:17:00,6777121733.680415
2011-09-29 14:12:00,17643407231.264412
2011-09-29 23:51:45,8553497944.316248
2011-09-30 19:10:45,16982247324.389141
2011-10-01 17:29:00,23630794471.123714
2011-10-02 17:58:30,26662054163.2036
2011-10-03 03:43:15,13626484158.535461
2011-10-03 18:02:00,9709895118.963966
2011-10-04 03:39:45,7203179634.13496
2011-10-04 18:15:30,8030338972.948881
2011-10-05 04:14:00,7912069338.208091
2011-10-05 18:44:45,8741724186.691525
2011-10-06 05:25:30,6356663553.35581
2011-10-06 19:25:30,424661532.25154185
2011-10-07 07:15:30,7804885323.800648
2011-10-07 20:14:45,7057227000.137191
2011-10-08 08:49:45,8568752490.141844
2011-10-08 22:50:30,9078314846.859724
2011-10-09 19:24:00,17713583544.321968
2011-10-10 08:25:30,9013451874.91973
2011-10-10 20:34:45,8740475941.137804
2011-10-11 19:44:45,20601366959.324577
2011-10-12 16:50:30,19278494734.682453
2011-10-13 15:00:30,26491767163.542904
2011-10-14 14:49:45,28328635168.218365
2011-10-15 15:40:30,30439539465.330723
2011-10-16 16:09:45,29970120120.59443
2011-10-17 17:37:00,25309830859.99183
2011-10-18 17:14:45,28597731287.87698
2011-10-19 05:44:00,18604753170.858234
2011-10-19 17:54:00,8184659497.6166935
2011-10-20 05:04:45,8590826664.153885
2011-10-20 18:29:45,8365571813.298924
2011-10-21 07:08:30,12354261263.753407
2011-10-21 19:39:00,6799129085.485267
2011-10-22 20:34:00,22858898020.121677
2011-10-23 09:57:00,12938667202.747396
2011-10-24 06:42:00,19791672113.453384
2011-10-24 17:19:45,6369367413.968105
2011-10-25 06:44:00,8764022877.805126
2011-10-25 17:19:45,5070073198.9314575
2011-10-26 08:24:45,9963571020.670692
2011-10-26 18:19:00,6197887541.374928
2011-10-27 16:14:45,23811253267.112553
2011-10-28 14:22:00,23936311554.766144
2011-10-28 22:39:45,10680221571.184683
2011-10-29 14:52:00,10421472064.09816
2011-10-29 23:54:45,11059931213.190945
2011-10-30 16:34:45,11624128167.561163
2011-10-31 01:22:00,8362023880.674411
2011-10-31 16:54:45,9275128780.25732
2011-11-01 03:09:45,9634361483.121922
2011-11-01 17:24:45,7334251532.420732
2011-11-02 04:39:00,9128225279.467487
2011-11-02 17:29:45,6138965252.605612
2011-11-03 05:04:00,8001003967.506458
2011-11-03 17:53:30,6466582443.973063
2011-11-04 07:32:00,9992472991.970573
2011-11-04 20:28:30,11065451687.728432
2011-11-05 17:34:45,17812997883.798035
2011-11-06 07:14:45,10275632942.553001
2011-11-06 18:25:30,6011402346.054153
2011-11-07 09:12:00,8284722298.909049
2011-11-07 21:35:30,11016884356.7118
2011-11-08 17:55:30,19607439402.418304
2011-11-09 13:44:00,21643928129.47341
2011-11-10 13:35:30,25972468913.04271
2011-11-11 00:38:30,11695332820.175041
2011-11-11 14:27:00,8427313214.680526
2011-11-12 14:29:00,24992294552.71338
2011-11-13 02:32:00,8645397716.313255
2011-11-13 15:48:30,8760576559.614845
2011-11-14 15:45:30,25590786695.433228
2011-11-15 16:09:45,27408627021.75912
2011-11-16 17:20:30,24635680272.994583
2011-11-17 17:04:45,25082602493.56751
2011-11-18 17:57:00,25103505090.660603
2011-11-19 06:34:00,12663274449.19975
2011-11-19 17:58:30,7224420457.773507
2011-11-20 11:08:30,16838883822.723186
2011-11-21 11:59:00,30672221501.962254
2011-11-22 10:30:30,31018699004.45373
2011-11-22 18:39:45,8347610041.852684
2011-11-23 11:40:30,13959942444.848307
2011-11-23 21:35:30,9398062314.494816
2011-11-24 13:24:00,10035574487.631924
2011-11-25 13:39:45,23327287767.99117
2011-11-25 21:59:45,13100052808.604809
2011-11-26 13:54:00,9589577831.823748
2011-11-26 22:44:45,11736340555.380934
2011-11-27 15:55:30,11601777792.254923
2011-11-28 00:28:30,9494081216.417665
2011-11-28 16:59:45,9487970837.95154
2011-11-29 16:40:30,23162339399.48452
2011-11-30 01:44:45,8481506950.788313
2011-11-30 15:55:30,8114853437.382728
2011-12-01 02:54:45,6836768521.739078
2011-12-01 16:30:30,7140630813.060972
2011-12-02 06:12:00,9832089749.840542
2011-12-02 17:39:00,6125327306.361119
2011-12-03 10:59:00,13191379862.280447
2011-12-04 09:39:45,26047256815.475346
2011-12-04 19:34:45,10121866179.565937
2011-12-05 09:37:00,8557878081.009215
2011-12-06 13:29:45,33149503589.19028
2011-12-07 11:29:45,29282713540.058315
2011-12-07 20:54:45,11403184794.801569
2011-12-08 12:00:30,10602593306.558409
2011-12-08 22:40:30,10798941034.87017
2011-12-09 13:34:45,9526337548.619387
2011-12-10 13:53:30,25369145765.627182
2011-12-11 01:27:00,9280309444.328829
2011-12-11 15:12:00,8900632929.588963
2011-12-12 14:50:30,24779775946.041145
2011-12-13 01:24:00,12559903468.230934
2011-12-13 15:45:15,9440952542.967102
2011-12-14 15:49:00,25605320508.223404
2011-12-15 16:21:15,27290039068.301098
2011-12-16 16:04:45,28553810417.551353
2011-12-17 10:24:00,17844389375.252144
2011-12-17 22:40:30,14090263655.848671
2011-12-18 13:45:15,12777797019.859135
2011-12-19 10:40:15,25649859833.291866
2011-12-20 11:24:00,35468187656.51129
2011-12-21 11:25:15,27917917444.704803
2011-12-21 19:54:00,13347229327.80841
2011-12-22 11:49:00,769084998.2923723
2011-12-22 20:30:30,11418503138.090714
2011-12-23 12:54:00,9797014547.966936
2011-12-23 21:35:30,12056681797.931118
2011-12-24 14:09:00,10746707318.910435
2011-12-24 23:34:00,10358497091.464947
2011-12-25 16:35:30,12784637213.80455
2011-12-26 14:59:00,23842166221.662518
2011-12-26 23:26:15,11071870287.53582
2011-12-27 15:46:15,11492122963.470503
2011-12-28 00:54:45,8266112995.058836
2011-12-28 16:24:00,9843940391.569336
2011-12-29 15:29:00,22675985402.72995
2011-12-30 04:20:15,13149834817.441233
2011-12-30 16:45:30,7419116148.944778
2011-12-31 15:06:15,21278635569.72985
2012-01-01 06:35:00,14055777873.555819
2012-01-01 17:00:00,5653513029.963505
2012-01-02 07:40:00,10527743975.089005
2012-01-02 18:05:00,5794393583.163263
2012-01-03 09:05:00,9899877763.414791
2012-01-04 14:50:00,17678555468.50401
2012-01-05 10:55:00,19784277631.422424
2012-01-05 21:25:00,13609630769.96828
2012-01-06 12:10:00,9097486961.200565
2012-01-07 13:35:00,29369872319.352375
2012-01-08 13:30:00,27210041291.25993
2012-01-08 23:45:00,14463447273.459225
2012-01-09 14:20:00,10089420109.189411
2012-01-10 14:50:00,28266874579.198067
2012-01-11 00:30:00,14765033508.386723
2012-01-11 15:25:00,10180104702.613987
2012-01-12 15:20:00,27714200744.336292
2012-01-13 03:25:00,13418075901.597624
2012-01-13 17:10:00,8973665314.746038
2012-01-14 13:40:00,26406181927.176346
2012-01-15 11:25:00,26043575597.94831
2012-01-16 09:30:00,25734577407.194798
2012-01-16 18:50:00,8408160024.648685
2012-01-17 10:05:00,11722617027.487131
2012-01-18 09:55:00,27151423585.786816
2012-01-18 18:15:00,8426039181.341852
2012-01-19 10:25:00,12097151506.375408
2012-01-19 19:50:00,11513154113.112375
2012-01-20 12:45:00,11746794596.574903
2012-01-21 12:55:00,26802199151.926273
2012-01-21 21:35:00,11938309431.452557
2012-01-22 14:10:00,12547470051.319115
2012-01-23 14:20:00,27530873030.226143
2012-01-23 22:55:00,10470989888.387457
2012-01-24 17:10:00,20718485195.251316
2012-01-25 13:15:00,26736076723.214455
2012-01-25 22:40:00,5769449150.252179
2012-01-26 14:20:00,12709408519.36766
2012-01-27 02:26:45,11716981307.240738
2012-01-27 18:55:00,15885037286.745964
2012-01-28 14:40:00,23420608138.204323
2012-01-29 11:50:00,20653282208.6277
2012-01-30 07:55:00,23145373682.036816
2012-01-30 18:10:00,7892976494.70405
2012-01-31 08:15:00,8221661703.07379
2012-01-31 19:10:00,7742753885.239291
2012-02-01 08:45:00,8933215318.736515
2012-02-01 19:20:00,8226071631.046926
2012-02-02 09:20:00,8557089397.128852
2012-02-02 23:25:00,434240408.023634
2012-02-03 16:20:00,13806122491.893377
2012-02-04 10:40:00,16345781358.512224
2012-02-04 20:50:00,12312098333.217997
2012-02-05 12:25:00,9572220227.553238
2012-02-06 13:35:00,26221536643.486458
2012-02-06 23:15:00,12874616233.603031
2012-02-07 15:00:00,11599857343.859129
2012-02-08 13:45:00,30210286975.786522
2012-02-09 00:45:00,12097807495.223331
2012-02-09 16:30:00,11941313676.731419
2012-02-10 09:35:00,14331832871.39119
2012-02-10 21:30:00,7387845124.84595
2012-02-11 10:10:00,7237910316.657064
2012-02-12 02:05:00,14359208105.482128
2012-02-13 06:25:00,31860724111.226307
2012-02-14 08:25:00,31796857085.19012
2012-02-14 20:00:00,14899191883.271921
2012-02-15 09:35:00,11702581010.83115
2012-02-15 21:25:00,13636797971.040638
2012-02-16 10:55:00,9276780629.709534
2012-02-17 10:35:00,23528313119.333107
2012-02-17 18:50:00,9022767338.050205
2012-02-18 10:35:00,11385711534.626696
2012-02-18 19:55:00,12483295591.65281
2012-02-19 12:00:00,13258731263.472466
2012-02-19 22:20:00,11988323248.59905
2012-02-20 17:20:00,17827052588.420616
2012-02-21 09:20:00,15449039761.567806
2012-02-21 19:55:00,6967149415.923289
2012-02-22 09:45:00,8829932427.295439
2012-02-22 21:40:00,6869746586.904477
2012-02-23 11:25:00,9380818552.702097
2012-02-24 01:35:00,12059493994.599895
2012-02-25 00:45:00,29397578195.653698
2012-02-26 06:30:00,35745972776.46301
2012-02-27 08:10:00,28838431061.40884
2012-02-28 07:15:00,26048373057.45789
2012-02-28 17:50:00,9561315352.65517
2012-02-29 06:46:45,2847553071.2265544
2012-02-29 17:55:00,8503880250.201101
2012-03-01 07:25:00,9127202294.849009
2012-03-01 18:20:00,7121767426.839668
2012-03-02 08:05:00,8463365993.674141
2012-03-02 19:10:00,7962412207.912968
2012-03-03 09:10:00,8895855275.24923
2012-03-03 20:16:45,10274763590.03997
2012-03-04 10:10:00,8192142794.500646
2012-03-05 11:45:00,9687045808.144222
2012-03-06 13:00:00,34541047518.60449
2012-03-07 12:30:00,35807232329.39451
2012-03-07 21:55:00,10936146746.315512
2012-03-08 18:50:00,20446849122.00416
2012-03-09 07:00:00,8189581261.113478
2012-03-09 19:41:45,8714034909.547857
2012-03-10 07:20:00,6234631946.631219
2012-03-10 21:35:00,8958605892.77066
2012-03-11 08:30:00,6041197161.110802
2012-03-12 07:00:00,22775459415.460136
2012-03-13 05:35:00,28867178046.133255
2012-03-14 06:35:00,28391010418.99072
2012-03-14 16:30:00,15048580566.773205
2012-03-15 07:10:00,10744156647.665224
2012-03-15 17:15:00,12076105974.037046
2012-03-16 07:35:00,9222609002.812227
2012-03-16 17:55:00,9964031706.81387
2012-03-17 08:20:00,7477846476.003039
2012-03-17 18:30:00,7790471963.303498
2012-03-18 08:35:00,7861043668.6009655
2012-03-18 19:35:00,9123880713.019545
2012-03-19 10:15:00,11129262391.475798
2012-03-19 21:40:00,9958952285.880722
2012-03-20 19:05:00,19315989563.837265
2012-03-21 07:40:00,8480944335.17243
2012-03-21 20:25:00,7865735236.678941
2012-03-22 08:55:00,7423367307.950796
2012-03-22 22:45:00,8763912738.464226
2012-03-24 04:05:00,41232324139.43317
2012-03-25 03:10:00,35634834106.935875
2012-03-26 03:40:00,31984578991.303482
2012-03-27 04:15:00,31055547452.817547
2012-03-28 05:25:00,30505758985.4267
2012-03-28 19:40:00,14207314166.662773
2012-03-29 06:30:00,7305231640.285436
2012-03-29 19:41:45,11896422928.910183
2012-03-30 07:00:00,6583434205.506485
2012-03-30 19:50:00,10205367512.793943
2012-03-31 07:35:00,6162397491.114863
2012-03-31 19:40:00,9536888871.904879
2012-04-01 08:15:00,6660303616.669256
2012-04-01 21:30:00,14316059010.407755
2012-04-02 10:05:00,6091225577.252175
2012-04-03 09:10:00,24164050084.10449
2012-04-03 19:50:00,6778988789.476451
2012-04-04 11:20:00,17450380560.127686
2012-04-05 05:45:00,16498415027.963583
2012-04-05 18:55:00,8066536083.266279
2012-04-06 06:10:00,6606751846.726954
2012-04-06 20:40:00,9402245936.720074
2012-04-07 07:35:00,8641503030.563095
2012-04-08 05:15:00,22384617138.805035
2012-04-09 03:55:00,31223150638.388927
2012-04-10 04:30:00,26499703123.141933
2012-04-10 13:25:00,13005418009.45487
2012-04-11 05:10:00,9905852232.080017
2012-04-12 05:40:00,27257668897.886738
2012-04-12 14:45:00,11234560905.64892
2012-04-13 05:35:00,9573882516.556963
2012-04-13 15:45:00,8253236598.931524
2012-04-14 06:25:00,8375845776.258308
2012-04-14 17:37:30,6895435721.026104
2012-04-15 07:10:30,6368411097.141435
2012-04-15 19:02:45,7569460270.35733
2012-04-16 07:55:00,7552957370.515342
2012-04-16 19:35:00,7140717629.7042
2012-04-17 07:50:00,8670230540.414444
2012-04-17 21:10:00,8593019262.491377
2012-04-18 20:30:00,21519799213.968094
2012-04-19 07:25:00,7874924176.081875
2012-04-19 22:20:00,9785134425.595331
2012-04-20 11:05:00,12362401661.32979
2012-04-21 05:21:45,16860891225.45634
2012-04-22 02:45:00,23717687688.16052
2012-04-23 03:10:00,29068837871.40863
2012-04-24 03:30:00,28629258092.84165
2012-04-24 15:20:00,13496758101.131596
2012-04-25 04:25:00,8010635040.501045
2012-04-26 04:25:00,26765138066.128357
2012-04-27 04:35:00,29062969183.914772
2012-04-27 20:20:00,15096560368.056427
2012-04-29 06:05:00,23891623987.852962
2012-04-29 21:10:00,17118309813.302086
2012-05-01 06:30:00,21990115911.922607
2012-05-01 19:40:00,10036522066.126076
2012-05-02 08:30:00,8682902222.085201
2012-05-03 04:30:00,19450470992.220695
2012-05-03 19:50:00,13131627127.51933
2012-05-04 05:45:00,5733823219.78167
2012-05-05 03:20:00,23475993228.976166
2012-05-06 01:25:00,31641183598.301155
2012-05-06 10:20:00,12319822144.409283
2012-05-07 02:01:45,9873637961.804667
2012-05-07 12:00:00,11763720776.158735
2012-05-08 04:45:15,12180584833.141443
2012-05-09 03:50:00,24632243696.590115
2012-05-09 12:05:00,10046644497.914814
2012-05-10 04:15:00,1026313093.7297299
2012-05-10 13:25:00,9392389757.522846
2012-05-11 04:45:00,9070724207.253378
2012-05-11 14:15:00,6418054591.888293
2012-05-12 05:15:00,9336111234.924488
2012-05-12 18:45:00,13352433426.623423
2012-05-13 06:20:00,6659122259.090185
2012-05-14 04:50:00,21341499156.298767
2012-05-14 18:30:00,10727881348.238604
2012-05-15 05:50:30,5849113252.365839
2012-05-15 20:00:00,8515974089.784027
2012-05-16 07:11:45,8081833926.199902
2012-05-16 21:40:00,8520181448.159596
2012-05-18 04:20:15,35734477009.101074
2012-05-18 23:55:00,25621895120.405254
2012-05-19 11:00:15,15075315752.072868
2012-05-20 01:37:30,10223247526.070822
2012-05-21 02:00:15,24912831210.485653
2012-05-21 12:05:00,14589633446.103617
2012-05-23 04:26:45,24166743670.184975
2012-05-24 03:30:15,27746642373.213837
2012-05-24 13:15:00,12182916040.519165
2012-05-25 04:00:00,10853827970.368898
2012-05-26 05:10:00,25441441273.30639
2012-05-27 04:30:00,30152956282.67453
2012-05-28 04:55:00,27344856718.06415
2012-05-29 01:20:00,24499598530.037132
2012-05-30 02:15:00,33935189089.895927
2012-05-30 23:45:00,32182387421.30442
2012-06-01 02:00:00,30756843227.958324
2012-06-01 22:00:00,31579135329.29219
2012-06-02 06:06:45,8165949491.879448
2012-06-02 23:45:00,16546223160.22175
2012-06-03 09:10:00,13327923254.33036
2012-06-04 01:25:00,11425264133.769697
2012-06-04 11:07:30,14845220718.703896
2012-06-05 04:15:00,13948204882.21906
2012-06-06 02:45:00,25994749609.679676
2012-06-06 11:12:30,13196247497.266588
2012-06-07 03:50:00,11906957254.773544
2012-06-07 12:01:15,8401807900.31557
2012-06-08 03:40:00,10647607777.932903
2012-06-08 12:52:30,7902573096.001696
2012-06-09 04:10:00,10109279153.131596
2012-06-09 14:27:30,9190455962.827963
2012-06-10 04:30:00,7747358319.687391
2012-06-11 03:55:00,22318121807.266815
2012-06-11 18:45:00,13641708089.165112
2012-06-12 05:25:00,5744637442.731833
2012-06-12 20:15:00,10252301311.405441
2012-06-13 06:43:00,7302171651.339516
2012-06-13 22:50:00,11587219066.511387
2012-06-14 23:40:00,29846391196.24204
2012-06-15 23:35:00,27623111303.178375
2012-06-16 08:45:00,11556156386.686075
2012-06-16 23:28:00,9969224344.208843
2012-06-17 09:50:00,11818378729.287958
2012-06-18 01:40:00,9924033831.173506
2012-06-19 02:30:00,26794090768.09486
2012-06-20 03:17:30,26422336398.96833
2012-06-20 12:45:00,13425645049.559458
2012-06-21 03:05:00,8240625803.294592
2012-06-21 14:05:00,11908287048.726336
2012-06-22 04:10:00,8370376044.762679
2012-06-23 03:45:00,24657740418.260918
2012-06-23 14:58:15,11746538734.459435
2012-06-24 04:55:00,8483950057.990778
2012-06-25 04:15:00,26681337917.351074
2012-06-26 03:45:00,28647583616.705666
2012-06-27 00:00:00,23457314305.45396
2012-06-27 22:15:00,25328050835.366734
2012-06-28 09:35:45,13425103354.333406
2012-06-28 23:30:00,9599859700.15756
2012-06-29 23:15:00,29249140879.00013
2012-06-30 23:30:00,27344283319.727554
2012-07-01 08:12:30,11938183358.736944
2012-07-02 00:25:00,10603690285.896929
2012-07-02 11:45:00,6341803794.582084
2012-07-03 03:20:00,10631462859.28205
2012-07-04 02:15:00,25342434528.15996
2012-07-04 11:10:00,14337888232.068226
2012-07-05 03:30:00,11312688427.837347
2012-07-05 11:50:00,8366018904.233807
2012-07-06 05:15:00,11770499395.661732
2012-07-07 03:25:00,28335985760.27516
2012-07-07 12:15:00,5243283095.7474985
2012-07-08 03:05:00,10415643063.8648
2012-07-08 14:35:00,8138226421.398527
2012-07-09 04:44:15,7887939327.362806
2012-07-10 02:48:00,24346634523.9387
2012-07-10 20:07:30,16380699352.773134
2012-07-11 06:19:15,8124923680.251374
2012-07-11 21:38:00,9085962806.510105
2012-07-12 08:02:30,8404807365.584294
2012-07-12 22:30:45,8669414464.684141
2012-07-13 22:52:30,23620914518.457554
2012-07-14 08:12:30,10831531135.830563
2012-07-14 22:47:30,307981209.164059
2012-07-15 11:00:00,1574407122.5028734
2012-07-16 05:28:45,17132301355.350079
2012-07-17 01:05:00,18595997134.236225
2012-07-18 03:48:00,27294159120.90378
2012-07-19 03:15:00,27167223401.59444
2012-07-19 13:00:30,13739017753.515316
2012-07-20 14:25:00,9854226773.589682
2012-07-21 05:30:45,9295609971.193382
2012-07-22 03:07:00,26120694078.161133
2012-07-22 13:03:45,8584707721.262905
2012-07-23 03:52:00,9221951745.505333
2012-07-24 02:22:15,26501265736.928097
2012-07-25 00:07:15,26500202032.355476
2012-07-25 21:17:15,23012014733.812916
2012-07-26 22:23:15,27990275487.447876
2012-07-27 22:02:00,26421380034.52067
2012-07-28 23:14:15,28518599376.29805
2012-07-29 08:11:15,11756644335.684542
2012-07-30 00:10:45,1108506664.300375
2012-07-31 01:38:15,27771309571.44574
2012-07-31 10:08:15,12662117322.744019
2012-08-01 01:44:15,11920888019.641117
2012-08-02 00:54:15,29061601826.621235
2012-08-02 09:34:15,11869814231.065351
2012-08-03 05:09:15,16275355990.043041
2012-08-03 23:42:00,17534412613.36965
2012-08-04 09:55:45,7011178513.159335
2012-08-04 23:25:45,8428347709.847419
2012-08-05 11:42:30,6978557222.963801
2012-08-06 01:42:00,9420499362.177979
2012-08-06 15:49:30,11528985757.537107
2012-08-07 05:24:30,9027608530.231277
2012-08-08 01:40:00,22065185453.8457
2012-08-08 19:01:15,14692547949.097538
2012-08-09 05:41:15,7121377302.738349
2012-08-09 20:19:15,9481792988.912193
2012-08-10 07:00:30,7536156533.573411
2012-08-10 21:08:15,7774741186.172227
2012-08-11 07:48:15,8666530947.56718
2012-08-11 22:01:45,8189338928.557509
2012-08-12 22:28:15,25239954139.80165
2012-08-13 07:50:45,10087665476.170502
2012-08-13 22:46:15,8815150409.132185
2012-08-14 09:21:45,11500299184.22044
2012-08-15 03:08:45,17818467848.86891
2012-08-16 01:26:15,22624292849.097015
2012-08-16 11:37:15,12422792715.731436
2012-08-17 03:48:45,11099430058.400772
2012-08-18 03:01:15,29507296090.584312
2012-08-19 02:30:00,33269968597.317238
2012-08-19 15:53:45,3692444970.8644304
2012-08-20 08:05:45,12633746942.746464
2012-08-20 21:14:45,10022915244.58024
2012-08-21 11:50:00,10405525884.007814
2012-08-21 23:35:00,7035825556.589361
2012-08-22 20:44:45,19746729837.448936
2012-08-23 20:13:15,27367623551.526306
2012-08-24 08:28:45,13299275962.378426
2012-08-24 21:37:30,8105364946.223377
2012-08-25 22:02:30,25296446925.68492
2012-08-26 07:12:30,11263232528.332825
2012-08-26 22:05:45,8962711458.825285
2012-08-27 06:58:15,7540162275.385127
2012-08-27 23:38:15,3473583688.671107
2012-08-28 23:53:15,28429994513.55047
2012-08-29 08:32:30,10636763026.371136
2012-08-29 23:28:15,9838607612.013933
2012-08-30 09:53:15,12840506799.564783
2012-08-31 06:55:00,16841341652.572048
2012-08-31 21:15:45,11505564487.368969
2012-09-01 08:50:45,6413314762.037332
2012-09-01 21:42:30,6925839513.371994
2012-09-02 11:00:00,7766567703.880996
2012-09-02 23:59:15,8347790350.406921
2012-09-03 21:32:30,20366682791.323963
2012-09-04 19:10:00,19443358671.69087
2012-09-05 18:58:30,26273716026.52669
2012-09-06 19:52:30,25452391187.303318
2012-09-07 06:55:45,12939161433.276905
2012-09-07 19:32:30,7461031051.340665
2012-09-08 07:04:45,7953285496.344057
2012-09-08 20:28:15,8282397710.917686
2012-09-09 07:22:30,6376329875.889011
2012-09-09 20:42:30,7366338664.618466
2012-09-10 07:57:30,9879290449.170034
2012-09-10 21:51:15,7420400913.581931
2012-09-11 22:30:00,24406931097.13164
2012-09-12 11:08:15,9473880907.910955
2012-09-13 05:40:00,15653041398.881594
2012-09-13 21:12:15,13436190232.085958
2012-09-14 07:36:15,6158316398.025
2012-09-14 21:37:30,9289019809.320398
2012-09-15 11:28:15,12454525958.579096
2012-09-16 07:00:30,18348500134.82694
2012-09-16 19:31:45,8730149247.887825
2012-09-17 09:30:00,8557269773.249733
2012-09-17 20:33:15,6818774247.802197
2012-09-18 19:02:45,22504531037.65441
2012-09-19 17:08:15,24554939177.05368
2012-09-20 17:22:45,29845295076.344563
2012-09-21 18:38:15,31564039956.735847
2012-09-22 04:37:45,16527775387.625134
2012-09-22 18:47:45,9844985941.381115
2012-09-23 03:59:30,6114514176.7273035
2012-09-23 19:18:15,9965297070.257685
2012-09-24 04:48:15,6199267805.027629
2012-09-24 19:48:00,9024176703.497839
2012-09-25 06:03:15,9251030435.882591
2012-09-25 20:33:15,9209004612.232925
2012-09-26 07:23:15,8801757570.694426
2012-09-26 21:13:15,9982980926.682962
2012-09-27 09:33:15,11444710428.146843
2012-09-27 23:52:45,10494210664.793974
2012-09-28 19:15:15,19488476148.515133
2012-09-29 07:53:15,8416408784.11515
2012-09-29 20:02:45,7848058566.879512
2012-09-30 10:28:15,9688076735.622103
2012-09-30 21:49:30,8990247883.308666
2012-10-01 19:48:30,22849333018.841698
2012-10-02 17:14:30,27202608594.48882
2012-10-03 16:12:45,29756904805.384666
2012-10-04 16:18:00,33547302985.783466
2012-10-05 17:38:00,26443454964.99547
2012-10-06 07:03:15,16736128362.331081
2012-10-06 18:04:00,6314497530.56033
2012-10-07 07:04:00,14205509153.10485
2012-10-07 18:48:15,6539696443.811845
2012-10-08 18:54:00,24989697745.905174
2012-10-09 06:33:15,10009068805.594885
2012-10-09 19:27:45,8583984588.102445
2012-10-10 06:28:00,6298793517.570391
2012-10-10 20:04:30,9540345925.98419
2012-10-11 08:58:15,11438293207.257303
2012-10-11 21:53:15,7045566069.702982
2012-10-12 19:14:00,20627042335.357906
2012-10-13 07:28:15,8118065712.117897
2012-10-13 19:38:00,7856742445.970459
2012-10-14 18:38:15,21415013322.507687
2012-10-15 09:09:00,11355969116.063782
2012-10-15 19:04:00,8342717615.389499
2012-10-16 16:43:15,22373835466.959427
2012-10-17 15:07:45,30477710239.103924
2012-10-18 15:54:00,29723914908.344845
2012-10-19 01:14:00,11175096730.146898
2012-10-19 16:59:00,11658890689.586178
2012-10-20 17:03:15,27737143733.430206
2012-10-21 02:04:00,10433359292.112991
2012-10-21 17:17:45,10220089444.568771
2012-10-22 02:43:00,5286097048.634158
2012-10-22 17:27:45,9133526211.277987
2012-10-23 04:02:45,5553474695.693538
2012-10-23 17:43:15,7854480011.07671
2012-10-24 05:23:15,6759904961.030181
2012-10-24 18:14:00,6826207551.555808
2012-10-25 06:53:15,6640274665.2224865
2012-10-25 19:12:45,9201686658.34554
2012-10-26 08:07:45,8033826296.142274
2012-10-26 20:48:15,13378311425.427889
2012-10-27 17:59:00,19903960401.436623
2012-10-28 09:29:00,13022306984.680975
2012-10-28 20:08:15,8349066108.0366125
2012-10-29 17:48:15,21626428318.565388
2012-10-30 14:33:15,26014765874.74086
2012-10-31 14:13:00,27645881224.863773
2012-11-01 01:48:00,12676527936.888868
2012-11-01 15:13:00,8181649271.527607
2012-11-02 15:27:45,28328861422.847977
2012-11-03 15:48:15,30615655489.63463
2012-11-04 16:23:15,30567573244.35306
2012-11-05 17:34:00,24826952243.372383
2012-11-06 07:28:00,19387072727.533764
2012-11-06 18:09:00,7777074066.686273
2012-11-07 10:07:45,18116488490.30529
2012-11-07 19:47:45,5244515541.719393
2012-11-08 18:08:15,23123308276.69399
2012-11-09 08:08:15,12153218068.88924
2012-11-09 19:23:15,6736992035.085225
2012-11-10 16:17:45,21407982157.797874
2012-11-11 07:54:00,13123589621.905882
2012-11-11 17:33:00,4117624104.936895
2012-11-12 14:48:15,23850384122.584164
2012-11-13 12:52:45,29005135129.7767
2012-11-13 23:44:00,2998592572.867301
2012-11-14 15:08:15,11101293745.829443
2012-11-15 14:32:45,28358359647.057617
2012-11-15 22:53:15,12699966735.117886
2012-11-16 15:23:15,11818928522.473667
2012-11-16 23:58:15,11009865255.160221
2012-11-17 16:48:15,10956544770.409735
2012-11-18 02:19:00,10580898883.842945
2012-11-18 17:24:00,10485774707.935745
2012-11-19 16:28:15,24497989677.8684
2012-11-20 02:18:15,6356641056.519273
2012-11-20 15:58:15,7667201710.783135
2012-11-21 04:19:00,8514424116.052966
2012-11-21 16:39:00,7307685726.092228
2012-11-22 06:37:45,9243710634.251108
2012-11-22 17:52:45,5907830106.040971
2012-11-23 08:58:15,10226510075.001402
2012-11-23 20:29:00,10388881031.717716
2012-11-24 16:48:15,19038592301.418156
2012-11-25 09:57:45,14907528803.615013
2012-11-25 19:49:00,9289499354.744709
2012-11-26 12:43:00,13592123852.287157
2012-11-27 13:19:00,27493537666.762993
2012-11-28 01:14:00,7967778793.423923
2012-11-28 14:58:15,9433195971.897478
2012-11-29 14:18:15,24421555774.249943
2012-11-30 03:29:00,5895360136.323068
2012-11-30 16:13:15,8843567758.12839
2012-12-01 15:13:00,25700663382.39234
2012-12-02 15:34:30,29398723697.695183
2012-12-03 16:02:45,30344187528.73739
2012-12-04 16:28:15,30392154135.313828
2012-12-05 17:28:15,25796168585.154385
2012-12-06 09:09:00,16270478660.266886
2012-12-06 18:39:00,5751851707.593952
2012-12-07 09:08:15,11287903438.472916
2012-12-07 19:24:00,5137129886.420971
2012-12-08 12:39:00,16900484176.745077
2012-12-09 11:38:00,31472378091.61189
2012-12-10 11:38:00,30338522751.13912
2012-12-10 22:14:30,9408188999.214376
2012-12-11 12:54:30,9793678550.90092
2012-12-12 12:28:15,25476852106.269184
2012-12-12 20:38:15,14039127148.218653
2012-12-13 13:03:15,11076647080.654898
2012-12-13 22:08:15,13254089383.218515
2012-12-14 14:48:15,10793254218.16561
2012-12-15 00:53:00,9785383772.272526
2012-12-15 17:29:00,12657367810.705145
2012-12-16 15:32:45,24129076952.343636
2012-12-16 23:47:45,7545675944.083533
2012-12-17 15:18:15,11098459397.464293
2012-12-18 00:38:15,6635167275.068828
2012-12-18 15:03:15,8719843151.585289
2012-12-19 03:29:00,8731846718.079054
2012-12-19 16:02:45,6969573991.398744
2012-12-20 15:08:15,23254071297.501717
2012-12-21 06:48:15,13409726114.046066
2012-12-21 17:03:15,6555968376.804144
2012-12-22 08:19:00,10451632985.38028
2012-12-22 18:43:15,10221697970.676228
2012-12-23 09:53:15,9590197748.914661
2012-12-24 10:59:00,25511074495.762306
2012-12-24 20:13:00,10153252540.453756
2012-12-25 11:38:15,10629140994.838366
2012-12-25 21:38:00,9693682590.376152
2012-12-26 13:39:00,10302733482.650711
2012-12-27 13:49:30,25985417014.18381
2012-12-28 00:18:15,13051731944.348486
2012-12-28 14:39:00,8747597919.833872
2012-12-29 14:48:15,26448573341.916306
2012-12-30 15:08:15,28422645498.31104
2012-12-31 15:59:00,29717401629.290794
2013-01-01 15:50:00,29020930536.1493
2013-01-02 15:45:00,30563424732.623276
2013-01-03 14:10:00,23991187844.587524
2013-01-04 09:20:00,22967101140.30926
2013-01-04 19:25:00,7507414203.473236
2013-01-05 09:55:00,10808041584.550238
2013-01-06 10:15:00,27578359238.552807
2013-01-06 21:05:00,13295063968.306522
2013-01-07 11:10:00,9200341078.900928
2013-01-08 11:20:00,29238657235.661045
2013-01-09 12:50:00,28882231798.269146
2013-01-09 22:10:00,10906081421.576218
2013-01-10 13:25:00,10406932704.430798
2013-01-11 13:40:00,25765510354.30139
2013-01-11 21:10:00,10423365146.25492
2013-01-12 14:05:00,11914063061.237026
2013-01-12 22:35:00,9920108309.931263
2013-01-13 16:45:00,16103374544.914005
2013-01-14 13:50:00,27834931873.115433
2013-01-14 22:30:00,5056288500.284693
2013-01-15 12:55:00,8896148799.153406
2013-01-16 00:05:00,6842533396.11304
2013-01-16 15:25:00,9712126740.393873
2013-01-17 13:35:00,22454839457.760006
2013-01-18 07:30:00,21706646741.717648
2013-01-18 17:00:00,4905112988.254255
2013-01-19 07:35:00,9129971777.849495
2013-01-19 18:00:00,7675005070.593787
2013-01-20 08:45:00,8663251023.613691
2013-01-21 09:55:00,24402442879.85711
2013-01-21 19:40:00,10405567001.846807
2013-01-22 10:10:00,9376739165.661259
2013-01-22 20:15:00,8939556716.577084
2013-01-23 12:10:00,11252001154.50125
2013-01-24 12:20:00,26538905526.69527
2013-01-24 21:54:45,12261938551.231403
2013-01-25 13:25:00,10638185670.054708
2013-01-26 14:29:45,26993897094.2235
2013-01-27 14:31:30,28942505571.898033
2013-01-28 03:10:00,8462021376.942338
2013-01-28 16:51:15,9600346322.54942
2013-01-29 14:46:15,30645345803.974022
2013-01-30 14:21:15,35135841299.13768
2013-01-31 13:46:15,33986314966.48263
2013-02-01 08:16:30,20046999972.37974
2013-02-01 22:41:30,16692644901.128525
2013-02-02 09:59:45,6354010955.918965
2013-02-03 07:51:15,21391602587.072716
2013-02-03 18:21:15,7264050210.377899
2013-02-04 08:50:00,9132506261.44625
2013-02-04 19:42:00,11404918995.703339
2013-02-05 10:01:15,7890325872.538502
2013-02-06 11:13:15,26480804064.998386
2013-02-07 12:22:00,27147880917.317802
2013-02-08 12:51:15,28656104341.063354
2013-02-08 21:20:00,12140516797.130566
2013-02-09 14:29:45,13693625037.638224
2013-02-10 11:59:45,28010602179.82335
2013-02-10 20:56:15,8545232670.744129
2013-02-11 09:52:00,7539465743.768629
2013-02-11 20:51:15,6109446558.692183
2013-02-12 09:53:15,7144534769.310664
2013-02-12 22:01:15,6601061220.726464
2013-02-13 11:01:15,7475454020.758732
2013-02-14 01:50:00,12004894347.53998
2013-02-15 06:56:15,39427832025.566284
2013-02-16 07:25:00,29392626594.45614
2013-02-16 18:23:15,10627913918.156729
2013-02-17 07:36:15,8983867604.069296
2013-02-17 17:41:15,5922768333.478493
2013-02-18 07:26:15,7553910518.2716875
2013-02-18 18:08:15,5135453826.90987
2013-02-19 08:38:15,8359807534.601571
2013-02-19 19:36:15,8916009867.65858
2013-02-20 09:44:45,7780677564.209159
2013-02-21 10:30:00,23002167921.413437
2013-02-21 20:08:15,10871996911.70839
2013-02-22 10:27:00,8233693974.110061
2013-02-22 21:58:15,11263240067.3583
2013-02-23 17:23:15,22101631180.585
2013-02-24 12:03:15,17770218112.6181
2013-02-24 22:15:00,7812105948.203847
2013-02-25 18:41:15,22944316071.126297
2013-02-26 11:25:00,16174984942.603086
2013-02-26 23:08:45,9621644090.145113
2013-02-27 20:35:00,19617056402.69052
2013-02-28 08:38:15,7177322970.406285
2013-03-01 08:21:15,21759531772.3775
2013-03-02 06:34:45,21272239491.66593
2013-03-03 06:36:15,26577278345.350063
2013-03-04 07:10:00,28769420477.963627
2013-03-04 20:33:15,15112511426.513672
2013-03-05 09:21:15,7928467508.514613
2013-03-06 09:06:15,24301164136.061974
2013-03-06 19:50:00,14304769721.2686
2013-03-07 10:01:15,7427510349.895756
2013-03-07 20:26:15,11557371584.95817
2013-03-08 13:41:15,17640565735.954075
2013-03-09 09:56:15,20624843305.987286
2013-03-09 19:06:15,6631509622.686362
2013-03-10 08:34:45,7446546992.978026
2013-03-10 19:46:15,6904431733.675798
2013-03-11 08:23:15,6638558854.240028
2013-03-11 20:28:45,7214000307.767359
2013-03-12 09:11:15,6839689722.024044
2013-03-12 22:28:15,8090878885.702161
2013-03-13 11:28:45,9898966934.514069
2013-03-14 08:13:15,18210752591.959846
2013-03-15 04:39:45,24669158001.393475
2013-03-16 05:26:15,28865651074.123
2013-03-17 05:15:00,27773261565.557552
2013-03-17 15:38:45,8156476391.428324
2013-03-18 05:46:15,7528189399.433444
2013-03-18 17:36:15,8898499083.735634
2013-03-19 06:46:15,6865705606.150264
2013-03-19 19:00:00,8108128109.618691
2013-03-20 07:50:00,6290854055.363251
2013-03-20 20:19:45,8905396343.269375
2013-03-21 09:03:45,6235355467.128738
2013-03-22 08:31:15,20526996433.75661
2013-03-22 19:41:15,8347309397.873942
2013-03-23 09:11:15,7520879760.949188
2013-03-23 20:51:15,7814627243.08742
2013-03-24 12:30:00,12508989634.019121
2013-03-25 10:15:00,21032398133.82831
2013-03-25 21:28:15,8308920904.147219
2013-03-26 19:54:45,19584689068.979355
2013-03-27 07:31:15,6902544698.153639
2013-03-27 21:01:15,6577931649.602415
2013-03-28 09:55:00,10121097118.623182
2013-03-29 05:40:30,17480086326.190735
2013-03-30 04:15:00,28338518126.5062
2013-03-31 04:49:45,29889410941.196766
2013-04-01 05:15:30,29396021785.79716
2013-04-02 06:34:45,29501069280.44091
2013-04-03 06:50:00,29960791349.033382
2013-04-03 15:54:45,7900100080.219252
2013-04-04 06:29:45,467022832.5900039
2013-04-04 16:36:15,6133008609.894416
2013-04-05 06:54:45,9102306081.51323
2013-04-05 17:41:15,5550761549.489515
2013-04-06 06:59:45,6762747074.123794
2013-04-06 18:46:15,6131175191.453368
2013-04-07 19:18:15,6142098004.53954
2013-04-08 07:39:45,7004280165.23006
2013-04-08 21:00:30,7255177026.133682
2013-04-09 09:43:15,10084809242.142294
2013-04-10 06:46:15,18352972049.328747
2013-04-10 22:41:15,11390773741.91983
2013-04-11 10:01:15,9334077510.088406
2013-04-12 06:14:45,21731782251.934284
2013-04-13 02:56:15,19610306596.377655
2013-04-13 16:48:15,513463855.80632293
2013-04-14 05:31:15,6476830016.022076
2013-04-15 04:19:45,23527215964.098347
2013-04-16 04:56:15,28740409538.056168
2013-04-17 05:15:00,26415441544.350296
2013-04-17 17:51:15,12780085423.830051
2013-04-18 06:06:15,7458677843.017423
2013-04-18 19:08:15,8851192252.848675
2013-04-19 07:34:45,5919989243.696468
2013-04-19 21:11:15,9139214247.201515
2013-04-20 09:25:30,6112186091.714793
2013-04-21 07:26:15,20646412693.407593
2013-04-21 20:35:00,9107646913.599012
2013-04-22 09:49:45,8154878466.292513
2013-04-23 06:29:45,16735113351.523096
2013-04-23 21:24:45,10751588527.888577
2013-04-25 03:19:45,32469448945.552353
2013-04-26 02:05:00,31664286019.2112
2013-04-27 02:06:15,28424155010.205456
2013-04-27 11:10:00,12175163244.088827
2013-04-28 02:51:15,10481450715.662983
2013-04-28 13:11:15,10279060331.867985
2013-04-29 05:11:15,9867330231.230349
2013-04-30 04:59:45,25646993858.849773
2013-04-30 14:19:45,10385612163.715094
2013-05-01 18:07:30,8290816170.956311
2013-05-02 07:26:15,7513089588.95847
2013-05-03 04:57:15,19396430771.01879
2013-05-03 16:37:15,7884321195.734903
2013-05-04 05:36:15,6824423931.240662
2013-05-04 18:42:15,8667352130.609762
2013-05-05 06:21:15,6504052022.184527
2013-05-05 20:27:15,7173636125.893402
2013-05-06 08:02:15,9278387444.74829
2013-05-07 01:27:30,13226065430.841192
2013-05-07 22:32:15,20177494127.264156
2013-05-08 09:01:00,10214639486.437508
2013-05-09 04:27:15,21198734389.297466
2013-05-10 03:02:15,25109708321.338768
2013-05-11 02:47:15,25675985795.72513
2013-05-11 12:50:00,11843818377.52893
2013-05-12 03:42:15,9359000863.628878
2013-05-13 03:22:15,23691645126.370842
2013-05-13 14:13:30,14232283114.910748
2013-05-14 05:02:00,8417968739.609881
2013-05-15 04:18:15,24503797972.932526
2013-05-16 05:07:15,29230623089.261616
2013-05-17 04:52:15,27983681271.079685
2013-05-18 05:47:15,24146141474.690243
2013-05-18 21:12:15,15703588097.506458
2013-05-19 07:37:15,5669400942.521597
2013-05-20 00:23:15,18844057286.051186
2013-05-20 15:15:00,8734414603.272194
2013-05-21 04:47:30,7536972381.766307
2013-05-22 01:17:15,24651118005.883453
2013-05-23 01:32:15,29799208856.66718
2013-05-24 00:47:15,24333623746.148254
2013-05-25 01:02:15,28055326953.190678
2013-05-25 10:27:00,13222583174.590363
2013-05-26 01:30:00,7893034248.726467
2013-05-26 11:07:15,11458092591.242628
2013-05-27 03:52:15,11879617852.101656
2013-05-27 13:12:30,11642991236.806616
2013-05-28 05:49:00,10448149991.020626
2013-05-29 04:19:00,23030191739.667534
2013-05-29 13:11:00,9467769661.955214
2013-05-30 04:25:00,9570488560.23056
2013-05-30 14:01:00,6351097553.305554
2013-05-31 04:44:00,8673045740.391567
2013-06-01 03:49:00,21175517184.261635
2013-06-02 19:53:30,9464171749.83016
2013-06-03 06:20:00,6527885686.701028
2013-06-03 23:04:00,15782011821.39688
2013-06-04 22:04:00,22899773626.745518
2013-06-05 07:32:30,8826127534.426226
2013-06-05 23:50:00,10950743861.378977
2013-06-06 10:45:00,11778122220.803793
2013-06-07 04:14:00,12326891517.269579
2013-06-08 02:09:00,23168055071.021057
2013-06-08 13:03:30,13568325079.625122
2013-06-09 03:22:30,7891861933.20766
2013-06-10 03:04:00,23221197554.359024
2013-06-10 16:54:00,338465276.5992894
2013-06-11 05:24:00,7033745097.889959
2013-06-12 03:34:00,21525596443.80555
2013-06-12 15:40:00,13111856120.352823
2013-06-13 04:34:00,7013111769.963301
2013-06-14 04:24:00,26063415187.044083
2013-06-15 04:14:00,25943443194.759007
2013-06-16 03:49:00,20984889715.174225
2013-06-16 20:09:00,15757401087.632015
2013-06-17 06:38:30,5618783572.165936
2013-06-17 21:24:00,232640576.5852548
2013-06-18 08:42:15,8583301003.643691
2013-06-19 01:49:00,15421427853.715918
2013-06-20 00:04:00,23911333541.06106
2013-06-20 23:59:00,27531884661.580757
2013-06-21 09:22:30,11925980098.859402
2013-06-22 01:14:00,9574890280.002518
2013-06-23 01:49:00,22620642674.159756
2013-06-23 10:12:30,12236642250.594435
2013-06-24 02:29:00,10193052745.509155
2013-06-24 12:05:00,12516680956.809523
2013-06-25 05:09:00,11666275552.847282
2013-06-26 03:59:00,24957064260.32699
2013-06-26 12:16:00,8718433597.531382
2013-06-27 05:25:45,11715410811.075237
2013-06-27 14:38:30,8524425337.471658
2013-06-28 06:50:45,13583029057.405775
2013-06-29 02:15:45,18463416595.837776
2013-06-29 15:05:45,7214379259.864178
2013-06-30 03:42:30,7634182311.439655
2013-06-30 22:30:45,18201603241.944572
2013-07-01 20:55:00,23426892504.585094
2013-07-02 06:25:00,6165594076.482157
2013-07-02 21:25:45,9219539387.64063
2013-07-03 07:53:30,8947729392.566298
2013-07-03 23:30:45,8891158752.539968
2013-07-04 23:55:45,25844874511.265324
2013-07-05 09:50:00,12578952590.831253
2013-07-06 01:27:00,10008453863.509596
2013-07-07 01:40:45,24419729544.76477
2013-07-07 12:18:30,13041683401.51837
2013-07-08 03:05:45,8967576463.155067
2013-07-09 02:55:45,23328601242.38578
2013-07-09 12:46:30,8998905642.593645
2013-07-10 03:30:45,9421790676.043701
2013-07-11 03:25:45,22830277493.685474
2013-07-12 03:50:45,26484946060.73247
2013-07-13 03:55:45,28344461760.572227
2013-07-14 03:10:45,26217287585.553562
2013-07-14 20:20:45,16599979796.853397
2013-07-15 08:30:45,12823859770.31078
2013-07-15 22:15:45,158874734.5292971
2013-07-16 21:15:45,26447152007.419956
2013-07-18 01:30:45,11649975072.052664
2013-07-18 23:30:00,20933607596.267654
2013-07-19 23:54:30,27999543886.83417
2013-07-21 01:27:15,28345628888.17828
2013-07-21 09:05:00,11123662929.689024
2013-07-22 01:39:45,552936185.9104878
2013-07-22 11:06:00,12851245578.672773
2013-07-23 03:49:00,10588013120.23742
2013-07-24 00:59:15,28763741516.176
2013-07-24 10:31:00,10011482836.890171
2013-07-25 03:32:30,16271960092.0073
2013-07-25 12:27:30,5728226564.614143
2013-07-26 10:16:15,19401758494.520363
2013-07-26 23:06:15,8009674443.779838
2013-07-27 12:04:00,8392224753.132303
2013-07-28 01:14:00,7567947450.004561
2013-07-29 01:29:00,24374759700.30595
2013-07-29 18:49:00,14730411179.689816
2013-07-30 04:39:00,2255862373.2483106
2013-07-30 19:59:00,9758347523.513447
2013-07-31 05:57:30,6012243509.18111
2013-07-31 20:39:00,9015949437.34289
2013-08-01 07:22:15,9338012521.882467
2013-08-01 21:19:00,7768773490.473497
2013-08-02 09:23:30,11166250158.799208
2013-08-03 01:22:30,14125486106.195677
2013-08-04 00:11:45,24051741327.59889
2013-08-04 10:49:45,13902806671.371817
2013-08-05 05:52:45,17035764405.9949
2013-08-06 01:55:00,19872760103.48009
2013-08-06 12:51:00,13606550866.268013
2013-08-07 04:12:30,7900484652.762179
2013-08-08 03:17:30,24405690047.276073
2013-08-09 05:45:00,24178387666.222424
2013-08-10 02:40:00,32117278383.44325
2013-08-10 18:32:15,9648053158.676783
2013-08-11 08:55:00,13739680619.29793
2013-08-11 22:12:30,7816077658.0906105
2013-08-12 20:30:00,21764534844.121098
2013-08-13 11:07:30,13970918418.927279
2013-08-13 21:51:00,5953577102.812901
2013-08-14 20:57:30,22843053544.292747
2013-08-15 09:12:15,13487078469.719494
2013-08-15 22:33:30,8484136897.154117
2013-08-16 22:55:00,26734525756.326717
2013-08-17 09:12:30,11945625131.095375
2013-08-18 00:50:00,10227150024.535172
2013-08-19 01:15:00,26218064851.56806
2013-08-20 01:25:00,31036796463.51555
2013-08-20 09:57:30,11444857540.752596
2013-08-21 00:30:00,12254808568.535522
2013-08-21 10:40:00,11857614110.568682
2013-08-21 23:20:00,5155196651.961467
2013-08-22 10:25:00,9634511584.240477
2013-08-22 22:40:00,6819372496.502349
2013-08-23 11:05:00,7879779831.076146
2013-08-23 23:23:30,5975755456.491
2013-08-24 12:31:00,6782155731.103055
2013-08-25 02:53:30,13889504974.996056
2013-08-26 00:33:30,20517274832.613823
2013-08-26 20:25:00,23780919113.874077
2013-08-27 20:30:00,25425971204.21397
2013-08-28 06:16:00,7783929802.727537
2013-08-28 19:57:30,9388473315.414986
2013-08-29 06:15:00,5904161958.330757
2013-08-29 20:30:00,8554071781.799635
2013-08-30 07:15:00,8033492710.950377
2013-08-30 21:49:00,7987543911.05027
2013-08-31 09:53:30,9036156002.220898
2013-08-31 22:58:45,7526543522.220768
2013-09-01 22:18:30,22823391476.382458
2013-09-02 10:28:45,12658281083.855469
2013-09-03 00:42:30,8273094197.240496
2013-09-04 02:08:45,33695340895.204754
2013-09-05 01:22:30,31557464539.415203
2013-09-05 13:15:00,14614548421.978739
2013-09-06 05:47:30,13792403428.660418
2013-09-06 21:02:30,12864276791.400755
2013-09-07 10:50:00,10838921122.117708
2013-09-08 15:20:00,36342893161.6496
2013-09-09 16:52:30,34728627384.5655
2013-09-10 18:09:00,29738012070.329247
2013-09-11 20:35:00,29170651014.9082
2013-09-12 08:36:30,16873306760.247967
2013-09-12 20:15:45,45964969.708605796
2013-09-13 20:32:30,24272732096.927067
2013-09-14 04:56:30,6143115947.037887
2013-09-14 20:49:00,1645924444.2648265
2013-09-15 05:15:45,5254100092.500166
2013-09-15 21:44:00,12098918334.609184
2013-09-16 07:30:45,10131989614.010288
2013-09-17 04:11:30,20221917925.940796
2013-09-17 18:51:30,10888836403.315193
2013-09-18 05:50:45,5702750195.555918
2013-09-18 19:02:30,7908051310.573334
2013-09-19 07:02:30,6428847863.808273
2013-09-19 19:31:30,6285263331.5432415
2013-09-20 08:36:30,1978703410.3352876
2013-09-20 20:29:00,1907634361.582646
2013-09-21 10:37:30,7859143973.858383
2013-09-21 22:34:45,8452583611.0154
2013-09-22 20:52:30,24071157887.183388
2013-09-23 15:06:30,19797948328.036686
2013-09-24 18:25:45,25489818601.482014
2013-09-25 17:36:30,25250308158.074974
2013-09-26 04:19:00,9072817395.611204
2013-09-26 17:57:30,8680692308.608002
2013-09-27 05:19:00,7996598204.095062
2013-09-27 18:54:00,7488412023.98454
2013-09-28 19:51:30,2703284648.130772
2013-09-29 07:09:45,7139640495.739117
2013-09-29 20:44:45,7277572925.748273
2013-09-30 20:19:45,22179068126.243404
2013-10-01 06:59:00,6761672315.060069
2013-10-01 20:31:30,121573641.56418784
2013-10-02 10:05:45,12579843956.960382
2013-10-03 06:50:45,18405678572.383995
2013-10-03 19:39:45,8324999028.054952
2013-10-04 08:56:30,7732229635.809158
2013-10-04 22:46:30,11794785137.785006
2013-10-05 17:41:30,15599046921.15384
2013-10-06 14:16:30,25077947058.79247
2013-10-07 16:04:45,30979232975.3226
2013-10-08 15:52:30,30614408621.343216
2013-10-09 16:29:45,30633826681.398514
2013-10-10 17:26:30,30707350229.167698
2013-10-11 05:25:00,12276458786.021542
2013-10-11 18:51:30,8735222087.589224
2013-10-12 18:56:30,22506861182.309364
2013-10-13 04:35:30,6741216746.466873
2013-10-13 18:35:45,8766016595.871536
2013-10-14 04:54:45,6609024489.671605
2013-10-14 18:35:45,7207045616.115135
2013-10-15 06:06:30,5643839117.2911825
2013-10-15 18:46:30,6340823091.5844145
2013-10-16 07:09:45,1967291285.225127
2013-10-16 19:05:30,7063017188.770637
2013-10-17 08:05:30,7294461862.208969
2013-10-17 20:11:30,10066628100.1907
2013-10-18 10:15:45,9443767102.002396
2013-10-18 22:45:45,11309453644.058582
2013-10-19 18:10:45,16027892865.226486
2013-10-20 16:05:45,29071967809.124462
2013-10-21 14:35:45,26035772404.01763
2013-10-22 00:11:30,10537040971.663336
2013-10-22 15:24:45,10096021674.41145
2013-10-23 16:06:30,25788137366.668022
2013-10-24 16:25:45,27408540315.085693
2013-10-25 05:20:30,15280976322.483746
2013-10-25 17:29:45,7859526084.981235
2013-10-26 06:05:30,8394062476.222964
2013-10-26 18:11:30,2223484300.2883544
2013-10-27 09:55:30,13517601626.443024
2013-10-27 21:22:30,9550624024.838852
2013-10-28 18:37:30,19012918325.16765
2013-10-29 19:40:30,2391709863.8833733
2013-10-30 18:39:45,20031861262.528374
2013-10-31 08:06:30,8320987158.847994
2013-10-31 19:51:30,7339965981.048226
2013-11-01 16:44:45,18858833823.778557
2013-11-02 12:12:30,24708636241.245975
2013-11-03 14:52:30,29774932081.200035
2013-11-04 13:51:30,28573818670.804718
2013-11-05 01:14:45,5516702251.411148
2013-11-05 16:27:30,10822612041.103529
2013-11-06 15:40:45,25766199479.842102
2013-11-07 01:06:30,11833264502.66724
2013-11-07 17:07:30,3584785633.529508
2013-11-08 17:10:30,28334462119.249973
2013-11-09 03:56:30,13415640895.72775
2013-11-09 17:36:30,7344558966.967957
2013-11-10 16:51:30,22068105471.886635
2013-11-11 03:49:45,6971780819.929374
2013-11-11 16:51:30,8051998000.748452
2013-11-12 05:32:30,6800395215.378268
2013-11-12 17:20:45,5672156512.533713
2013-11-13 07:14:45,7792713707.36006
2013-11-13 18:19:45,5584711358.31258
2013-11-14 08:47:30,7289729102.821399
2013-11-14 19:47:00,9004059661.194733
2013-11-15 16:52:00,18414640284.853294
2013-11-16 10:51:30,17636140785.06554
2013-11-16 20:47:30,12178851407.25508
2013-11-17 08:11:30,5158720283.24019
2013-11-17 19:31:30,8149014383.08924
2013-11-18 14:06:30,13924787251.634277
2013-11-19 02:51:45,2231976147.0942316
2013-11-19 16:46:30,7784338591.0048275
2013-11-20 15:17:00,23174613558.486656
2013-11-21 15:37:00,26508358685.576168
2013-11-22 16:05:45,26283535589.209324
2013-11-23 16:15:45,34133467795.743935
2013-11-24 16:51:30,26847539228.54678
2013-11-25 07:52:00,16557351485.054234
2013-11-25 17:56:30,4972209264.477002
2013-11-26 08:40:45,9988682308.372953
2013-11-26 19:16:30,5460753477.737181
2013-11-27 10:42:30,12757414323.313843
2013-11-28 16:07:30,27894352392.753876
2013-11-29 09:19:45,17425709660.24858
2013-11-29 19:01:30,5732452239.003156
2013-11-30 11:55:45,12382048639.633871
2013-12-01 12:41:30,26609802096.26237
2013-12-02 12:41:30,25345798006.96661
2013-12-02 21:46:30,13596389556.968166
2013-12-03 13:17:00,8985470715.445717
2013-12-04 00:47:30,2788908394.545155
2013-12-04 16:42:00,1034996771.8330054
2013-12-05 15:29:45,22823864586.380753
2013-12-06 00:42:30,13255143509.037111
2013-12-06 17:15:45,673960555.1455327
2013-12-07 15:46:30,23385710881.249725
2013-12-08 00:34:45,4942977966.184029
2013-12-08 15:30:45,9239650194.953547
2013-12-09 02:47:00,6592174279.944068
2013-12-09 16:01:30,6886360476.950497
2013-12-10 15:27:30,19332372385.84822
2013-12-11 06:07:00,9836330862.15288
2013-12-11 16:41:30,5075817813.351461
2013-12-12 08:21:30,10285728893.228697
2013-12-12 18:23:45,9220658587.301231
2013-12-13 12:20:45,17571855714.139202
2013-12-14 12:54:45,29617162184.769684
2013-12-15 13:20:45,27360982932.584137
2013-12-15 23:55:45,8302033193.88071
2013-12-16 15:02:30,10134696852.708395
2013-12-17 14:06:30,24159831566.424744
2013-12-18 01:54:15,11042303432.31085
2013-12-18 15:21:30,8049847152.631442
2013-12-19 14:55:45,22836322140.93761
2013-12-20 02:01:30,13868817820.730013
2013-12-20 15:53:45,8411112660.775668
2013-12-21 15:38:45,24327471876.897526
2013-12-22 16:00:45,27935073278.48521
2013-12-23 15:08:45,25001910241.535526
2013-12-24 11:44:45,24748004344.155533
2013-12-24 21:23:45,8128619797.790181
2013-12-25 17:19:45,19429404263.153767
2013-12-26 08:06:30,10900272493.316557
2013-12-26 19:13:45,6254605513.903298
2013-12-27 10:36:30,9679818613.804192
2013-12-28 11:41:30,23479004130.08356
2013-12-29 11:38:45,27725656121.81883
2013-12-29 21:01:00,10372984698.466757
2013-12-30 12:31:30,1371697205.8382933
2013-12-31 12:41:30,25729015643.24286
2013-12-31 21:43:45,12659040757.322031
